{"schemaVersion":"1.0","appDefinitionTemplate":{"id":"/providers/Microsoft.PowerApps/apps/","type":"Microsoft.PowerApps/apps","tags":{"primaryDeviceWidth":"375","primaryDeviceHeight":"667","supportsPortrait":"true","supportsLandscape":"true","primaryFormFactor":"Tablet","showStatusBar":"false","publisherVersion":"3.25031.7","minimumRequiredApiVersion":"2.2.0","hasComponent":"true","hasUnlockedComponent":"true","isUnifiedRootApp":"false","sienaVersion":"20250312T095738Z-3.25031.7.0"},"properties":{"appVersion":"2025-03-12T09:57:38Z","lifeCycleId":"Published","createdByClientVersion":{"major":3,"minor":25031,"build":7,"revision":0,"majorRevision":0,"minorRevision":0},"minClientVersion":{"major":3,"minor":25031,"build":7,"revision":0,"majorRevision":0,"minorRevision":0},"backgroundColor":"RGBA(0,176,240,1)","backgroundImageUri":"/9419552929840607649/Ndae1fd1b-3e2e-4992-bb2f-be69ee297877-logoSmallFile","displayName":"Invoice App","description":"","commitMessage":"","appUris":{"documentUri":{"value":"/9419552929840607649/N35a35a67-6043-4c9f-982e-a304923b90cd-document.msapp"},"imageUris":[],"additionalUris":[{"isSolutionAware":false,"value":"/9419552929840607649/N73228727-b0a8-424b-b726-bbf668ab4854-identity.json"}]},"createdTime":"0001-01-01T00:00:00Z","lastModifiedTime":"0001-01-01T00:00:00Z","sharedGroupsCount":0,"sharedUsersCount":0,"connectionReferences":{},"databaseReferences":{},"almMode":"Environment","performanceOptimizationEnabled":true,"canConsumeAppPass":false,"enableModernRuntimeMode":false,"executionRestrictions":{"isTeamsOnly":false,"dataLossPreventionEvaluationResult":{"status":"Compliant","lastEvaluationDate":"2025-03-12T09:48:58.4476437Z","violations":[],"violationsByPolicy":[],"violationErrorMessage":"The app uses the following connectors: ."}}},"isAppComponentLibrary":false,"appType":"ClassicCanvasApp","appComponents":[]}}