{"schemaVersion":"1.0","appDefinitionTemplate":{"id":"/providers/Microsoft.PowerApps/apps/","type":"Microsoft.PowerApps/apps","tags":{"primaryDeviceWidth":"1477","primaryDeviceHeight":"792","supportsPortrait":"true","supportsLandscape":"true","primaryFormFactor":"Tablet","showStatusBar":"false","publisherVersion":"3.24091.13","minimumRequiredApiVersion":"2.2.0","hasComponent":"false","hasUnlockedComponent":"false","isUnifiedRootApp":"false","sienaVersion":"20240911T081234Z-3.24091.13.0"},"properties":{"appVersion":"2024-09-11T08:12:34Z","lifeCycleId":"Published","createdByClientVersion":{"major":3,"minor":24091,"build":13,"revision":0,"majorRevision":0,"minorRevision":0},"minClientVersion":{"major":3,"minor":24091,"build":13,"revision":0,"majorRevision":0,"minorRevision":0},"backgroundColor":"RGBA(0,176,240,1)","backgroundImageUri":"/15256659739370386269/N2b0c5593-48ac-4cb0-908f-959bb5b4749b-logoSmallFile","displayName":"Gantt Chart Tutorial","description":"","commitMessage":"","appUris":{"documentUri":{"value":"/15256659739370386269/Nd8090162-4e92-4677-b2fc-777e372a2a92-document.msapp"},"imageUris":[],"additionalUris":[{"isSolutionAware":false,"value":"/15256659739370386269/N9bbec5a5-5092-4ede-9abc-5ae78398f910-identity.json"}]},"createdTime":"0001-01-01T00:00:00Z","lastModifiedTime":"0001-01-01T00:00:00Z","sharedGroupsCount":0,"sharedUsersCount":0,"connectionReferences":{},"databaseReferences":{"default.cds":{"databaseDetails":{"referenceType":"Environmental","environmentName":"default.cds","overrideValues":{"status":"NotSpecified"}},"dataSources":{}}},"almMode":"Environment","performanceOptimizationEnabled":false,"canConsumeAppPass":false,"enableModernRuntimeMode":false,"executionRestrictions":{"isTeamsOnly":false,"dataLossPreventionEvaluationResult":{"status":"Compliant","lastEvaluationDate":"2024-09-08T07:23:37.3856799Z","violations":[],"violationsByPolicy":[],"violationErrorMessage":"The app uses the following connectors: ."}}},"appType":"ClassicCanvasApp","appComponents":[]}}