{"schemaVersion":"1.0","appDefinitionTemplate":{"id":"/providers/Microsoft.PowerApps/apps/","type":"Microsoft.PowerApps/apps","tags":{"primaryDeviceWidth":"1534","primaryDeviceHeight":"793","supportsPortrait":"true","supportsLandscape":"true","primaryFormFactor":"Tablet","showStatusBar":"false","publisherVersion":"3.25012.14","minimumRequiredApiVersion":"2.2.0","hasComponent":"true","hasUnlockedComponent":"true","isUnifiedRootApp":"false","sienaVersion":"20250131T073508Z-3.25012.14.0"},"properties":{"appVersion":"2025-01-31T07:35:08Z","lifeCycleId":"Published","createdByClientVersion":{"major":3,"minor":25012,"build":14,"revision":0,"majorRevision":0,"minorRevision":0},"minClientVersion":{"major":3,"minor":25012,"build":14,"revision":0,"majorRevision":0,"minorRevision":0},"backgroundColor":"RGBA(0,176,240,1)","backgroundImageUri":"/11019867632319330882/N4c8d1f9c-c827-4d7b-acd3-35832d8c23c3-logoSmallFile","displayName":"Responsive Side Navigation","description":"","commitMessage":"","appUris":{"documentUri":{"value":"/11019867632319330882/N53fa85b5-82c8-4564-8c6a-a5c265a138e8-document.msapp"},"imageUris":[],"additionalUris":[{"isSolutionAware":false,"value":"/11019867632319330882/N2a457b38-58a8-4399-9561-5eaf1f313daf-identity.json"}]},"createdTime":"0001-01-01T00:00:00Z","lastModifiedTime":"0001-01-01T00:00:00Z","sharedGroupsCount":0,"sharedUsersCount":0,"connectionReferences":{},"databaseReferences":{},"almMode":"Environment","performanceOptimizationEnabled":false,"canConsumeAppPass":false,"enableModernRuntimeMode":false,"executionRestrictions":{"isTeamsOnly":false,"dataLossPreventionEvaluationResult":{"status":"Compliant","lastEvaluationDate":"2025-01-31T03:59:22.6010771Z","violations":[],"violationsByPolicy":[],"violationErrorMessage":"The app uses the following connectors: ."}}},"isAppComponentLibrary":false,"appType":"ClassicCanvasApp","appComponents":[]}}