{"schemaVersion":"1.0","appDefinitionTemplate":{"id":"/providers/Microsoft.PowerApps/apps/","type":"Microsoft.PowerApps/apps","tags":{"primaryDeviceWidth":"1497","primaryDeviceHeight":"780","supportsPortrait":"true","supportsLandscape":"true","primaryFormFactor":"Tablet","showStatusBar":"false","publisherVersion":"3.24081.10","minimumRequiredApiVersion":"2.2.0","hasComponent":"false","hasUnlockedComponent":"false","isUnifiedRootApp":"false","sienaVersion":"20240818T135324Z-3.24081.10.0"},"properties":{"appVersion":"2024-08-18T13:53:24Z","lifeCycleId":"Published","createdByClientVersion":{"major":3,"minor":24081,"build":10,"revision":0,"majorRevision":0,"minorRevision":0},"minClientVersion":{"major":3,"minor":24081,"build":10,"revision":0,"majorRevision":0,"minorRevision":0},"backgroundColor":"RGBA(0,176,240,1)","backgroundImageUri":"/3671290866188430699/N97b3b8a5-2b1a-463c-a9a7-deb08f61f50a-logoSmallFile","displayName":"Interactive Dashboard App","description":"","commitMessage":"","appUris":{"documentUri":{"value":"/3671290866188430699/Nf7fb14b6-d41c-4348-9440-58e695696a68-document.msapp"},"imageUris":[],"additionalUris":[{"isSolutionAware":false,"value":"/3671290866188430699/N512a991e-2149-4c41-8890-9fc87dfcb338-identity.json"}]},"createdTime":"0001-01-01T00:00:00Z","lastModifiedTime":"0001-01-01T00:00:00Z","sharedGroupsCount":0,"sharedUsersCount":0,"connectionReferences":{},"databaseReferences":{},"almMode":"Environment","performanceOptimizationEnabled":true,"canConsumeAppPass":true,"enableModernRuntimeMode":false,"executionRestrictions":{"isTeamsOnly":false,"dataLossPreventionEvaluationResult":{"status":"Compliant","lastEvaluationDate":"2024-08-18T13:53:27.9641506Z","violations":[],"violationsByPolicy":[],"violationErrorMessage":"The app uses the following connectors: ."}}},"appType":"ClassicCanvasApp","appComponents":[]}}